<?xml version="1.0" encoding="UTF-8"?>
<project xmlns="http://www.netbeans.org/ns/project/1">
    <type>org.netbeans.modules.apisupport.project</type>
    <configuration>
        <data xmlns="http://www.netbeans.org/ns/nb-module-project/3">
            <code-name-base>org.coeus.xstream</code-name-base>
            <suite-component/>
            <module-dependencies>
                <dependency>
                    <code-name-base>org.coeus.xpp3</code-name-base>
                    <build-prerequisite/>
                    <compile-dependency/>
                    <run-dependency>
                        <specification-version>1.0</specification-version>
                    </run-dependency>
                </dependency>
            </module-dependencies>
            <public-packages>
                <package>com.thoughtworks.xstream</package>
                <package>com.thoughtworks.xstream.annotations</package>
                <package>com.thoughtworks.xstream.converters</package>
                <package>com.thoughtworks.xstream.converters.basic</package>
                <package>com.thoughtworks.xstream.converters.collections</package>
                <package>com.thoughtworks.xstream.converters.enums</package>
                <package>com.thoughtworks.xstream.converters.extended</package>
                <package>com.thoughtworks.xstream.converters.javabean</package>
                <package>com.thoughtworks.xstream.converters.reflection</package>
                <package>com.thoughtworks.xstream.core</package>
                <package>com.thoughtworks.xstream.core.util</package>
                <package>com.thoughtworks.xstream.io</package>
                <package>com.thoughtworks.xstream.io.binary</package>
                <package>com.thoughtworks.xstream.io.copy</package>
                <package>com.thoughtworks.xstream.io.json</package>
                <package>com.thoughtworks.xstream.io.naming</package>
                <package>com.thoughtworks.xstream.io.path</package>
                <package>com.thoughtworks.xstream.io.xml</package>
                <package>com.thoughtworks.xstream.io.xml.xppdom</package>
                <package>com.thoughtworks.xstream.mapper</package>
                <package>com.thoughtworks.xstream.persistence</package>
                <package>com.thoughtworks.xstream.security</package>
            </public-packages>
            <class-path-extension>
                <runtime-relative-path>ext/xstream-1.4.8.jar</runtime-relative-path>
                <binary-origin>release/modules/ext/xstream-1.4.8.jar</binary-origin>
            </class-path-extension>
        </data>
    </configuration>
</project>
